{
  "train_loss": [
    0.5060346788908142,
    0.36368709753541384,
    0.3412210781979405,
    0.32520412481688205,
    0.319120500547434,
    0.30908549099186666,
    0.3057604800797755,
    0.29475279670135646,
    0.29218478957811994,
    0.2841241483750686,
    0.28517933517110117,
    0.2838117312761693,
    0.2757349652636285,
    0.2698122982262007,
    0.27742362870110404,
    0.27294252952719045,
    0.27207891474362295,
    0.2624033102958031,
    0.25874355948828404,
    0.2620618473548515,
    0.2706186913508995,
    0.2672704390061447,
    0.25954998952500963,
    0.25461664423443914,
    0.25764207635050507,
    0.25272095391173766,
    0.2535486943581525,
    0.2583223301289128,
    0.24967238097409017,
    0.24438424572056416,
    0.2459775059986738,
    0.2550842480254329,
    0.24163553617358988,
    0.24004747835249682,
    0.24555062868236716
  ],
  "val_loss": [
    0.357263991420421,
    0.32179552344692913,
    0.3139372317893129,
    0.30340475005914175,
    0.30134685616259044,
    0.30143987869331956,
    0.30777385217393577,
    0.29493208066049414,
    0.29188166962023687,
    0.29221286876136854,
    0.28887266213368223,
    0.28720232314948874,
    0.2907069328094102,
    0.2890314846576942,
    0.288918794011123,
    0.2873832799860178,
    0.28148587669324726,
    0.2818283426225995,
    0.2828309283112035,
    0.2867915685305152,
    0.3092743431450556,
    0.2813017026695463,
    0.2856497298400604,
    0.28226583825508006,
    0.28009619721860596,
    0.292868497634507,
    0.2769439237244824,
    0.28060445574072335,
    0.2772934520724176,
    0.29283117738823905,
    0.2997594510468819,
    0.29106644552703187,
    0.281989657906903,
    0.2824951545758681,
    0.2891401058547549
  ],
  "train_acc": [
    0.8181699346405229,
    0.8794771241830065,
    0.8853594771241831,
    0.8960784313725491,
    0.8929411764705882,
    0.8992156862745098,
    0.8960784313725491,
    0.9041830065359477,
    0.9043137254901961,
    0.9062745098039215,
    0.9037908496732027,
    0.9052287581699346,
    0.9094117647058824,
    0.9111111111111111,
    0.910718954248366,
    0.9090196078431373,
    0.9130718954248366,
    0.9149019607843137,
    0.9150326797385621,
    0.9145098039215687,
    0.9124183006535947,
    0.9088888888888889,
    0.9188235294117647,
    0.9156862745098039,
    0.9162091503267974,
    0.9164705882352941,
    0.9177777777777778,
    0.9160784313725491,
    0.9184313725490196,
    0.9216993464052288,
    0.9236601307189543,
    0.917124183006536,
    0.9184313725490196,
    0.9222222222222223,
    0.9209150326797385
  ],
  "val_acc": [
    0.8850574712643678,
    0.8934169278996865,
    0.9007314524555904,
    0.9028213166144201,
    0.9070010449320794,
    0.9049111807732497,
    0.9028213166144201,
    0.9059561128526645,
    0.9038662486938349,
    0.9070010449320794,
    0.9038662486938349,
    0.9122257053291536,
    0.9090909090909091,
    0.9111807732497388,
    0.9090909090909091,
    0.9153605015673981,
    0.9143155694879833,
    0.9059561128526645,
    0.9111807732497388,
    0.910135841170324,
    0.9059561128526645,
    0.9122257053291536,
    0.9132706374085684,
    0.9122257053291536,
    0.910135841170324,
    0.9080459770114943,
    0.9174503657262278,
    0.9153605015673981,
    0.9164054336468129,
    0.9080459770114943,
    0.9059561128526645,
    0.9132706374085684,
    0.9153605015673981,
    0.9122257053291536,
    0.9111807732497388
  ]
}