rowid,kepid,kepoi_name,kepler_name,koi_disposition,koi_pdisposition,koi_score,koi_fpflag_nt,koi_fpflag_ss,koi_fpflag_co,koi_fpflag_ec,koi_period,koi_period_err1,koi_period_err2,koi_time0bk,koi_time0bk_err1,koi_time0bk_err2,koi_impact,koi_impact_err1,koi_impact_err2,koi_duration,koi_duration_err1,koi_duration_err2,koi_depth,koi_depth_err1,koi_depth_err2,koi_prad,koi_prad_err1,koi_prad_err2,koi_teq,koi_teq_err1,koi_teq_err2,koi_insol,koi_insol_err1,koi_insol_err2,koi_model_snr,koi_tce_plnt_num,koi_tce_delivname,koi_steff,koi_steff_err1,koi_steff_err2,koi_slogg,koi_slogg_err1,koi_slogg_err2,koi_srad,koi_srad_err1,koi_srad_err2,ra,dec,koi_kepmag
1,10797460,K00752.01,Kepler-227 b,CONFIRMED,CANDIDATE,1.0000,0,0,0,0,9.488035570,2.7750000e-05,-2.7750000e-05,170.5387500,2.160000e-03,-2.160000e-03,0.1460,0.3180,-0.1460,2.95750,0.08190,-0.08190,6.1580e+02,1.950e+01,-1.950e+01,2.26,2.600e-01,-1.500e-01,793.0,,,93.59,29.45,-16.65,35.80,1,q1_q17_dr25_tce,5455.00,81.00,-81.00,4.467,0.064,-0.096,0.9270,0.1050,-0.0610,291.934230,48.141651,15.347
2,10797460,K00752.02,Kepler-227 c,CONFIRMED,CANDIDATE,0.9690,0,0,0,0,54.418382700,2.4790000e-04,-2.4790000e-04,162.5138400,3.520000e-03,-3.520000e-03,0.5860,0.0590,-0.4430,4.50700,0.11600,-0.11600,8.7480e+02,3.550e+01,-3.550e+01,2.83,3.200e-01,-1.900e-01,443.0,,,9.11,2.87,-1.62,25.80,2,q1_q17_dr25_tce,5455.00,81.00,-81.00,4.467,0.064,-0.096,0.9270,0.1050,-0.0610,291.934230,48.141651,15.347
3,10811496,K00753.01,,FALSE POSITIVE,FALSE POSITIVE,0.0000,0,1,0,0,19.899139950,1.4940000e-05,-1.4940000e-05,175.8502520,5.810000e-04,-5.810000e-04,0.9690,5.1260,-0.0770,1.78220,0.03410,-0.03410,1.0829e+04,1.710e+02,-1.710e+02,14.60,3.920e+00,-1.310e+00,638.0,,,39.30,31.04,-10.49,76.30,1,q1_q17_dr25_tce,5853.00,158.00,-176.00,4.544,0.044,-0.176,0.8680,0.2330,-0.0780,297.004820,48.134129,15.436
4,10848459,K00754.01,,FALSE POSITIVE,FALSE POSITIVE,0.0000,0,1,0,0,1.736952453,2.6300000e-07,-2.6300000e-07,170.3075650,1.150000e-04,-1.150000e-04,1.2760,0.1150,-0.0920,2.40641,0.00537,-0.00537,8.0792e+03,1.280e+01,-1.280e+01,33.46,8.500e+00,-2.830e+00,1395.0,,,891.96,668.95,-230.35,505.60,1,q1_q17_dr25_tce,5805.00,157.00,-174.00,4.564,0.053,-0.168,0.7910,0.2010,-0.0670,285.534610,48.285210,15.597
